,estado,idade,escolaridade,nível de proficiência em inglês,renda,sexo
0,MA,56,Fundamental,Intermediário,4006.29,F
1,BA,46,Superior,Básico,2423.11,M
2,AM,32,Fundamental,Intermediário,3835.69,M
3,CE,60,Superior,Básico,1870.29,M
4,SE,25,Fundamental,Avançado,3529.8,M
5,AM,38,Fundamental,Avançado,4441.57,F
6,DF,56,Médio,Intermediário,528.36,F
7,DF,36,Superior,Avançado,2203.1,F
8,PI,40,Fundamental,Básico,3577.07,F
9,AP,28,Superior,Avançado,2796.95,M
10,AC,28,Superior,Intermediário,3371.15,M
11,SC,41,Pós-graduação,Intermediário,2396.01,M
12,SP,53,Médio,Intermediário,3086.59,F
13,AM,57,Médio,Básico,2844.32,M
14,CE,41,Médio,Básico,4167.78,M
15,GO,20,Pós-graduação,Básico,3254.42,M
16,RO,39,Pós-graduação,Básico,3337.6,M
17,PA,19,Médio,Básico,2588.12,M
18,MS,41,Pós-graduação,Avançado,2512.39,F
19,SP,61,Pós-graduação,Básico,2567.44,F
20,RN,47,Pós-graduação,Básico,3394.45,F
21,SC,55,Médio,Avançado,2579.02,F
22,SP,19,Médio,Básico,3289.77,F
23,AM,38,Médio,Intermediário,5075.4,M
24,RS,50,Pós-graduação,Básico,3871.12,M
25,SC,29,Médio,Básico,2673.98,F
26,MS,39,Pós-graduação,Intermediário,4201.21,F
27,MA,61,Fundamental,Intermediário,2591.92,F
28,RO,42,Pós-graduação,Intermediário,961.88,F
29,DF,44,Superior,Intermediário,1991.91,F
30,AP,59,Médio,Básico,1129.21,F
31,RR,45,Médio,Intermediário,2648.49,F
32,PA,33,Superior,Intermediário,3018.42,F
33,SC,32,Pós-graduação,Avançado,4676.44,F
34,MA,64,Fundamental,Intermediário,3326.93,M
35,PR,61,Superior,Intermediário,2780.9,F
36,PR,20,Superior,Avançado,3829.41,F
37,RO,54,Pós-graduação,Avançado,788.86,M
38,MA,24,Médio,Básico,3235.61,F
39,SP,38,Pós-graduação,Avançado,3770.87,F
40,MG,26,Superior,Básico,1521.41,M
41,CE,56,Superior,Avançado,4143.75,F
42,MS,35,Médio,Avançado,3338.5,M
43,GO,21,Médio,Básico,2584.71,M
44,MG,42,Médio,Avançado,3632.78,M
45,AM,31,Pós-graduação,Básico,5270.69,F
46,SC,26,Médio,Avançado,3181.87,F
47,MT,43,Superior,Intermediário,3248.22,M
48,RN,19,Superior,Avançado,2540.64,M
49,PI,37,Fundamental,Básico,2150.16,F
50,SE,45,Pós-graduação,Avançado,3830.34,F
51,MT,64,Fundamental,Básico,2143.92,M
52,SP,24,Superior,Básico,3071.57,M
53,RS,61,Fundamental,Intermediário,2522.34,F
54,AM,25,Superior,Intermediário,3478.98,M
55,PI,64,Fundamental,Básico,3333.66,M
56,AC,52,Médio,Avançado,4037.54,M
57,TO,31,Fundamental,Básico,2489.98,F
58,DF,34,Médio,Básico,2730.13,M
59,CE,53,Médio,Avançado,2021.24,F
60,PB,57,Pós-graduação,Avançado,2555.71,M
61,PI,21,Médio,Avançado,3377.3,M
62,SC,19,Médio,Avançado,3756.99,F
63,MT,23,Fundamental,Básico,2077.83,M
64,RN,59,Superior,Básico,3869.61,M
65,SC,21,Pós-graduação,Intermediário,4355.64,M
66,PB,46,Médio,Básico,3413.43,F
67,PR,35,Pós-graduação,Avançado,4876.8,F
68,DF,43,Fundamental,Intermediário,2226.21,M
69,RS,61,Médio,Avançado,1755.35,F
70,MA,51,Fundamental,Básico,1221.28,F
71,SE,27,Pós-graduação,Intermediário,4496.04,F
72,MS,53,Fundamental,Avançado,3654.37,M
73,SC,31,Pós-graduação,Intermediário,2944.42,F
74,PA,48,Fundamental,Intermediário,3279.97,M
75,SP,32,Pós-graduação,Básico,1874.51,M
76,BA,25,Superior,Avançado,5445.75,F
77,SE,31,Fundamental,Intermediário,3129.22,F
78,RS,40,Fundamental,Intermediário,3109.39,F
79,PI,57,Superior,Avançado,3725.77,F
80,BA,38,Superior,Intermediário,3481.01,F
81,AP,33,Fundamental,Intermediário,3223.88,M
82,RR,62,Superior,Intermediário,2209.53,M
83,SE,35,Médio,Avançado,3471.47,F
84,BA,64,Pós-graduação,Avançado,4882.02,F
85,SC,41,Pós-graduação,Avançado,4345.42,M
86,PE,43,Pós-graduação,Avançado,4593.19,F
87,RJ,42,Médio,Básico,2488.78,F
88,RJ,62,Superior,Intermediário,2010.4,M
89,SP,58,Superior,Avançado,2874.21,M
90,RS,46,Fundamental,Intermediário,3055.72,M
91,MS,32,Superior,Intermediário,4094.19,M
92,SP,62,Fundamental,Básico,1307.54,F
93,GO,18,Médio,Avançado,4529.55,M
94,AC,42,Pós-graduação,Avançado,2841.99,F
95,PI,24,Pós-graduação,Intermediário,2573.12,M
96,RS,26,Pós-graduação,Avançado,1987.9,F
97,AM,41,Superior,Intermediário,1345.14,F
98,MA,18,Fundamental,Intermediário,3823.17,M
99,SP,61,Fundamental,Básico,3073.32,F
100,DF,25,Médio,Básico,1710.04,M
101,RO,41,Superior,Básico,1704.92,M
102,RR,28,Médio,Intermediário,2664.22,F
103,AC,34,Fundamental,Avançado,4669.02,M
104,PE,25,Fundamental,Básico,2740.41,F
105,SC,52,Pós-graduação,Avançado,1496.86,M
106,AL,52,Superior,Básico,2754.26,F
107,SE,50,Fundamental,Básico,2727.28,M
108,MT,22,Pós-graduação,Intermediário,303.11,F
109,GO,59,Superior,Básico,2945.71,M
110,DF,56,Médio,Básico,2769.07,F
111,RO,58,Superior,Intermediário,3696.21,M
112,PE,45,Superior,Avançado,4848.96,M
113,PE,24,Fundamental,Básico,4126.57,F
114,AL,26,Fundamental,Intermediário,2731.11,F
115,CE,25,Superior,Básico,1893.47,F
116,PA,29,Fundamental,Intermediário,5573.36,F
117,CE,51,Fundamental,Avançado,3059.22,F
118,AL,50,Fundamental,Avançado,3013.93,F
119,AC,40,Pós-graduação,Intermediário,2975.87,F
120,MA,41,Pós-graduação,Intermediário,3198.08,M
121,RS,54,Superior,Intermediário,2855.64,F
122,BA,52,Fundamental,Avançado,2426.34,F
123,AL,61,Pós-graduação,Básico,2453.14,F
124,RO,57,Superior,Avançado,2967.25,M
125,PR,39,Fundamental,Intermediário,2456.58,M
126,SP,44,Médio,Intermediário,2287.15,F
127,AL,52,Fundamental,Avançado,3106.43,M
128,MA,18,Fundamental,Intermediário,2745.02,F
129,AL,52,Pós-graduação,Avançado,4503.99,F
130,PR,54,Superior,Intermediário,349.03,M
131,PR,64,Superior,Básico,4091.51,M
132,RJ,31,Pós-graduação,Básico,4246.09,F
133,DF,20,Fundamental,Intermediário,926.61,F
134,RO,18,Médio,Avançado,2657.31,F
135,MS,22,Fundamental,Básico,2628.56,F
136,SC,43,Fundamental,Avançado,1592.49,M
137,PB,31,Médio,Intermediário,2222.18,F
138,ES,56,Pós-graduação,Avançado,1889.42,M
139,CE,44,Superior,Básico,4752.27,M
140,TO,26,Pós-graduação,Avançado,3935.68,F
141,MA,32,Pós-graduação,Avançado,4271.56,M
142,AP,32,Fundamental,Intermediário,3721.67,M
143,RJ,43,Superior,Intermediário,1870.95,F
144,PE,59,Superior,Intermediário,2475.48,F
145,DF,30,Pós-graduação,Básico,3489.37,M
146,RS,49,Médio,Básico,1777.87,M
147,RN,56,Pós-graduação,Intermediário,3713.0,F
148,SE,49,Médio,Intermediário,2759.67,F
149,AM,21,Superior,Básico,2625.18,F
150,PA,47,Pós-graduação,Básico,3710.96,M
151,RN,54,Fundamental,Básico,3444.26,M
152,RO,40,Pós-graduação,Básico,2639.03,M
153,PB,56,Superior,Intermediário,4159.33,M
154,SC,62,Fundamental,Básico,1918.94,F
155,ES,32,Fundamental,Intermediário,3615.94,M
156,RS,60,Médio,Avançado,3593.1,M
157,PB,46,Fundamental,Avançado,2690.45,F
158,RO,53,Fundamental,Básico,3326.13,M
159,RN,30,Pós-graduação,Avançado,1748.89,F
160,PA,49,Superior,Avançado,3924.03,M
161,TO,24,Médio,Avançado,2815.1,M
162,GO,39,Pós-graduação,Básico,2477.28,F
163,ES,45,Fundamental,Básico,4049.01,M
164,SE,19,Fundamental,Avançado,2295.66,F
165,SE,59,Médio,Intermediário,1591.54,F
166,PE,62,Superior,Avançado,1443.37,M
167,AL,23,Médio,Básico,3606.01,M
168,SP,45,Pós-graduação,Básico,1719.57,F
169,SC,45,Médio,Básico,4754.79,M
170,AP,61,Fundamental,Avançado,918.07,M
171,ES,61,Pós-graduação,Intermediário,4696.46,F
172,MS,37,Fundamental,Básico,3211.02,M
173,AC,47,Superior,Básico,2903.29,F
174,MA,28,Fundamental,Avançado,2455.08,M
175,RN,45,Fundamental,Intermediário,3399.14,F
176,AP,42,Médio,Avançado,2962.37,M
177,CE,56,Fundamental,Básico,4103.3,M
178,DF,50,Pós-graduação,Intermediário,3114.23,M
179,RN,18,Pós-graduação,Intermediário,3150.3,F
180,RR,44,Superior,Básico,2636.39,M
181,SP,30,Pós-graduação,Intermediário,2943.05,M
182,TO,58,Médio,Intermediário,3307.8,F
183,PI,20,Superior,Avançado,1289.83,F
184,MT,56,Pós-graduação,Básico,1651.81,M
185,RJ,23,Médio,Básico,3743.26,M
186,BA,25,Pós-graduação,Básico,3170.87,F
187,RJ,44,Pós-graduação,Básico,2816.02,M
188,MT,26,Fundamental,Básico,3018.43,F
189,SC,54,Pós-graduação,Intermediário,3347.58,F
190,MS,50,Pós-graduação,Avançado,2460.24,F
191,MA,59,Médio,Básico,2221.7,M
192,ES,61,Médio,Avançado,3195.85,F
193,SC,41,Fundamental,Avançado,2021.63,M
194,GO,32,Pós-graduação,Intermediário,3408.25,M
195,AM,49,Fundamental,Básico,1297.42,M
196,BA,49,Pós-graduação,Intermediário,4029.16,M
197,RS,41,Superior,Básico,3472.6,M
198,ES,58,Superior,Intermediário,3256.03,F
199,RR,29,Fundamental,Avançado,3982.69,F
200,GO,56,Fundamental,Básico,4665.47,F
201,PB,19,Fundamental,Avançado,4014.37,M
202,PB,20,Médio,Avançado,1159.13,F
203,PR,54,Médio,Intermediário,1720.42,M
204,PA,34,Médio,Básico,2375.18,F
205,ES,19,Fundamental,Avançado,3026.09,M
206,PI,19,Pós-graduação,Intermediário,3517.66,F
207,MA,45,Superior,Básico,2274.26,M
208,RN,40,Fundamental,Básico,3186.77,M
209,CE,54,Médio,Avançado,2244.62,M
210,MS,49,Médio,Básico,2388.48,F
211,AL,50,Fundamental,Avançado,1593.34,F
212,DF,18,Fundamental,Básico,2076.77,F
213,PR,36,Médio,Intermediário,1648.32,M
214,AP,19,Pós-graduação,Avançado,2024.13,M
215,MG,61,Médio,Avançado,4053.64,M
216,AP,43,Médio,Básico,2050.6,F
217,TO,49,Fundamental,Básico,5632.38,M
218,PI,23,Pós-graduação,Avançado,3493.32,M
219,MT,49,Médio,Básico,3184.84,F
220,ES,21,Médio,Intermediário,2141.64,F
221,CE,28,Superior,Básico,3700.31,M
222,AC,34,Fundamental,Intermediário,2424.36,F
223,AC,55,Superior,Intermediário,3122.01,F
224,RR,41,Superior,Intermediário,5560.08,F
225,ES,22,Médio,Intermediário,2903.94,M
226,BA,51,Fundamental,Intermediário,4149.27,M
227,PR,23,Pós-graduação,Básico,2296.82,M
228,MT,39,Médio,Intermediário,2965.01,F
229,BA,28,Pós-graduação,Básico,4770.8,F
230,AM,33,Pós-graduação,Intermediário,2373.03,M
231,CE,50,Fundamental,Avançado,4812.45,F
232,PA,26,Superior,Intermediário,3707.75,M
233,RO,23,Fundamental,Avançado,2437.53,M
234,RJ,33,Pós-graduação,Intermediário,3632.41,F
235,GO,46,Médio,Intermediário,3972.55,M
236,MS,20,Pós-graduação,Intermediário,3621.81,F
237,MT,37,Médio,Avançado,1429.78,F
238,PA,53,Médio,Avançado,2272.86,M
239,RR,36,Fundamental,Intermediário,2752.48,M
240,PR,43,Pós-graduação,Básico,2925.57,M
241,AC,20,Superior,Intermediário,3620.67,F
242,MG,36,Pós-graduação,Avançado,3177.7,M
243,RR,37,Pós-graduação,Intermediário,1664.66,F
244,RS,49,Superior,Avançado,3380.2,F
245,RS,24,Fundamental,Avançado,3610.59,F
246,MG,58,Pós-graduação,Avançado,3559.79,F
247,AL,50,Pós-graduação,Intermediário,4080.78,M
248,AM,57,Médio,Avançado,3833.92,M
249,CE,56,Pós-graduação,Avançado,3459.18,M
250,SE,35,Superior,Intermediário,2929.83,M
251,TO,57,Médio,Avançado,1339.04,M
252,RR,18,Fundamental,Intermediário,3429.62,M
253,TO,28,Médio,Avançado,3207.69,M
254,BA,45,Superior,Básico,3271.58,M
255,SP,42,Superior,Básico,1723.25,F
256,AP,40,Médio,Avançado,1918.94,M
257,AC,48,Fundamental,Básico,4053.15,F
258,AM,47,Médio,Intermediário,2960.44,M
259,SP,59,Fundamental,Básico,3681.5,F
260,RN,52,Médio,Avançado,3028.32,F
261,AL,24,Superior,Avançado,3029.76,F
262,SE,33,Pós-graduação,Intermediário,3938.28,M
263,BA,43,Pós-graduação,Avançado,2483.96,F
264,AP,19,Fundamental,Intermediário,3096.12,F
265,GO,18,Fundamental,Básico,2537.72,M
266,RN,29,Fundamental,Básico,2565.5,F
267,CE,22,Superior,Intermediário,2690.83,F
268,PI,54,Médio,Intermediário,3222.13,M
269,CE,49,Superior,Avançado,2521.25,M
270,RJ,26,Pós-graduação,Básico,4255.76,F
271,MS,58,Fundamental,Intermediário,2105.39,F
272,SP,52,Médio,Básico,2813.13,M
273,MT,36,Pós-graduação,Intermediário,2560.27,M
274,AL,33,Pós-graduação,Básico,4446.98,M
275,PB,20,Pós-graduação,Avançado,3196.55,M
276,MS,37,Superior,Básico,4031.84,M
277,MS,41,Fundamental,Básico,1514.44,M
278,GO,50,Pós-graduação,Básico,3267.05,M
279,RS,41,Fundamental,Básico,3889.63,M
280,SC,28,Superior,Básico,3082.28,F
281,AL,25,Pós-graduação,Avançado,4065.48,F
282,RO,53,Superior,Intermediário,2482.71,F
283,AP,55,Superior,Básico,4409.35,M
284,MS,57,Fundamental,Avançado,5298.9,M
285,SE,37,Pós-graduação,Básico,2637.16,M
286,PR,52,Superior,Básico,2554.5,M
287,RS,42,Pós-graduação,Intermediário,4453.38,F
288,SC,52,Fundamental,Básico,4579.57,M
289,SE,42,Superior,Avançado,2477.14,F
290,AC,46,Fundamental,Avançado,2579.81,F
291,RS,35,Pós-graduação,Intermediário,2718.22,F
292,AP,63,Pós-graduação,Básico,1655.55,M
293,RN,35,Fundamental,Avançado,2081.35,F
294,AL,19,Médio,Básico,1995.86,F
295,GO,52,Superior,Básico,2232.2,F
296,RJ,33,Pós-graduação,Básico,2965.32,M
297,PB,58,Pós-graduação,Intermediário,3234.21,F
298,PI,53,Superior,Básico,4550.5,F
299,SE,50,Fundamental,Avançado,2001.65,F
300,MT,21,Fundamental,Básico,3984.32,M
301,SP,50,Fundamental,Avançado,2786.01,M
302,RR,31,Médio,Básico,2950.54,F
303,PR,38,Médio,Avançado,3674.82,F
304,RO,37,Pós-graduação,Avançado,1877.28,F
305,PE,25,Fundamental,Básico,3382.41,M
306,BA,24,Superior,Básico,3166.45,M
307,MS,20,Pós-graduação,Avançado,3492.45,M
308,MT,34,Superior,Intermediário,3289.17,F
309,PB,50,Pós-graduação,Básico,5455.3,F
310,TO,29,Médio,Intermediário,2362.26,F
311,AP,39,Pós-graduação,Básico,2469.0,M
312,AC,39,Médio,Básico,2376.86,F
313,RN,63,Pós-graduação,Básico,2444.52,F
314,PR,47,Fundamental,Básico,2362.61,F
315,AL,55,Superior,Intermediário,4189.02,M
316,AL,55,Fundamental,Básico,4420.5,F
317,AP,62,Pós-graduação,Avançado,2429.25,M
318,ES,25,Pós-graduação,Avançado,2167.64,F
319,SC,44,Pós-graduação,Intermediário,3471.42,M
320,PB,44,Médio,Básico,2447.78,M
321,DF,51,Superior,Avançado,3632.93,M
322,CE,38,Superior,Intermediário,3202.92,F
323,GO,47,Pós-graduação,Básico,1484.26,F
324,RN,50,Pós-graduação,Avançado,4547.51,M
325,AC,45,Médio,Avançado,4795.88,F
326,ES,64,Fundamental,Intermediário,2387.21,F
327,RR,50,Fundamental,Básico,2612.3,M
328,RR,22,Superior,Básico,3285.87,M
329,AP,36,Médio,Avançado,3334.46,F
330,AM,21,Pós-graduação,Avançado,3658.54,M
331,SE,52,Superior,Avançado,5010.2,M
332,SP,34,Médio,Básico,2823.05,M
333,PB,61,Fundamental,Intermediário,2201.7,M
334,CE,45,Médio,Intermediário,1620.68,M
335,PB,47,Fundamental,Básico,2269.07,F
336,RS,46,Médio,Intermediário,2966.87,M
337,AP,63,Superior,Avançado,4794.56,M
338,SP,23,Fundamental,Intermediário,2482.39,F
339,RS,52,Superior,Intermediário,3223.79,F
340,RS,58,Superior,Intermediário,2983.58,M
341,PA,54,Fundamental,Avançado,4188.39,F
342,RN,41,Fundamental,Básico,5526.93,F
343,PA,46,Pós-graduação,Avançado,2469.13,F
344,AM,63,Pós-graduação,Básico,2510.56,F
345,MS,48,Pós-graduação,Básico,4044.16,M
346,PE,52,Superior,Básico,3681.89,F
347,DF,50,Superior,Intermediário,4846.71,M
348,GO,38,Pós-graduação,Intermediário,3583.93,F
349,AP,49,Superior,Básico,2640.71,F
350,MG,40,Superior,Básico,3590.65,F
351,PB,50,Fundamental,Intermediário,4108.7,M
352,PI,20,Fundamental,Avançado,3820.48,M
353,RJ,35,Superior,Básico,3507.27,F
354,AC,42,Pós-graduação,Avançado,4066.67,M
355,CE,59,Médio,Intermediário,4169.3,F
356,TO,48,Pós-graduação,Básico,4382.16,M
357,TO,20,Médio,Avançado,3648.71,M
358,RR,57,Pós-graduação,Avançado,2832.88,M
359,TO,63,Fundamental,Avançado,3146.71,M
360,TO,41,Superior,Intermediário,4206.51,M
361,AL,49,Superior,Intermediário,2183.06,M
362,SC,64,Fundamental,Avançado,3368.67,M
363,PA,39,Médio,Avançado,2606.66,F
364,CE,40,Médio,Intermediário,3028.74,M
365,PA,19,Médio,Avançado,4278.45,F
366,AM,44,Fundamental,Avançado,3191.1,F
367,RS,59,Médio,Intermediário,3046.44,F
368,ES,19,Fundamental,Avançado,1640.14,F
369,AP,43,Pós-graduação,Avançado,3746.25,M
370,RJ,34,Pós-graduação,Avançado,3645.48,F
371,PA,57,Fundamental,Intermediário,5163.25,M
372,TO,50,Superior,Avançado,2692.22,M
373,RN,26,Pós-graduação,Intermediário,3219.15,F
374,PE,60,Médio,Intermediário,3249.38,F
375,SP,56,Fundamental,Básico,4577.45,F
376,ES,46,Médio,Básico,2904.7,M
377,SC,59,Médio,Avançado,3279.02,F
378,PA,43,Superior,Intermediário,3607.9,F
379,SE,52,Médio,Básico,3186.61,M
380,CE,42,Superior,Avançado,2553.57,F
381,RR,41,Pós-graduação,Básico,3194.09,F
382,RO,30,Fundamental,Básico,4073.63,M
383,PR,24,Médio,Intermediário,1973.48,F
384,SP,53,Fundamental,Intermediário,3132.97,F
385,RJ,62,Médio,Básico,2299.88,M
386,PA,37,Fundamental,Básico,4195.05,M
387,RJ,18,Médio,Intermediário,1476.81,F
388,AP,25,Médio,Avançado,2441.08,F
389,MA,63,Médio,Intermediário,3377.21,M
390,RJ,33,Médio,Básico,4565.52,M
391,GO,31,Médio,Avançado,2934.25,M
392,RN,29,Médio,Básico,2444.8,M
393,MG,40,Médio,Avançado,4881.16,M
394,DF,32,Médio,Básico,1551.99,M
395,PA,45,Médio,Avançado,801.19,M
396,GO,51,Fundamental,Avançado,3440.01,M
397,TO,19,Superior,Básico,2497.95,F
398,RR,49,Médio,Avançado,1978.77,F
399,SP,40,Superior,Intermediário,3708.36,M
400,RJ,39,Médio,Básico,3243.8,F
401,PB,42,Médio,Intermediário,2435.92,M
402,RN,39,Fundamental,Básico,1719.7,F
403,PA,39,Pós-graduação,Avançado,3872.46,F
404,SC,59,Pós-graduação,Avançado,3650.2,M
405,CE,23,Fundamental,Avançado,2900.82,F
406,RS,32,Superior,Básico,4846.64,M
407,AM,60,Pós-graduação,Intermediário,1929.92,F
408,ES,54,Fundamental,Intermediário,1474.47,F
409,PE,50,Fundamental,Básico,2308.09,F
410,GO,25,Pós-graduação,Básico,2954.41,M
411,AC,61,Superior,Intermediário,3243.34,M
412,SC,61,Fundamental,Intermediário,2758.76,F
413,RN,22,Médio,Intermediário,3352.06,M
414,SP,56,Superior,Intermediário,1748.46,F
415,PA,21,Superior,Básico,4443.76,M
416,MT,23,Pós-graduação,Básico,2917.85,M
417,RS,62,Pós-graduação,Avançado,4117.3,M
418,AP,49,Médio,Intermediário,3342.73,M
419,GO,47,Fundamental,Avançado,3456.75,F
420,TO,64,Pós-graduação,Básico,3569.77,M
421,PA,52,Pós-graduação,Básico,3447.71,M
422,GO,57,Superior,Avançado,3642.72,F
423,AM,33,Pós-graduação,Intermediário,4329.15,F
424,TO,30,Pós-graduação,Intermediário,3196.52,F
425,AM,59,Pós-graduação,Intermediário,3709.0,F
426,ES,47,Pós-graduação,Intermediário,2910.26,M
427,AL,36,Superior,Avançado,4440.12,F
428,GO,34,Médio,Avançado,2323.61,M
429,PA,36,Médio,Básico,4800.94,M
430,RO,45,Fundamental,Intermediário,2959.84,F
431,GO,43,Pós-graduação,Intermediário,1569.22,M
432,SC,54,Superior,Intermediário,3128.1,F
433,RR,43,Fundamental,Avançado,2318.95,F
434,PR,40,Fundamental,Intermediário,3840.64,M
435,PE,26,Médio,Avançado,2347.38,M
436,PR,29,Superior,Intermediário,2553.82,F
437,MS,18,Superior,Intermediário,1110.46,M
438,AP,18,Superior,Básico,2547.69,F
439,MT,64,Médio,Intermediário,576.12,M
440,PA,51,Médio,Intermediário,1416.1,F
441,PI,49,Médio,Básico,3760.41,F
442,RS,42,Médio,Avançado,3785.8,F
443,RS,57,Médio,Avançado,3425.46,F
444,BA,62,Pós-graduação,Intermediário,2033.02,M
445,PR,18,Pós-graduação,Avançado,2952.29,F
446,RN,33,Superior,Intermediário,2996.4,F
447,BA,56,Fundamental,Básico,1841.64,F
448,AP,22,Superior,Básico,4503.4,F
449,MS,39,Fundamental,Intermediário,3877.36,M
450,AC,46,Médio,Básico,2779.04,F
451,RS,20,Fundamental,Básico,3026.89,F
452,GO,29,Superior,Intermediário,3208.38,F
453,GO,43,Superior,Intermediário,958.27,M
454,AM,33,Fundamental,Básico,2752.82,F
455,AP,54,Pós-graduação,Avançado,2318.02,F
456,PE,39,Médio,Avançado,1998.38,M
457,AL,46,Médio,Intermediário,2718.9,F
458,SC,31,Superior,Intermediário,4797.69,M
459,AC,45,Pós-graduação,Avançado,3640.84,F
460,ES,22,Fundamental,Básico,2428.82,F
461,MG,64,Médio,Avançado,3572.58,M
462,RR,47,Pós-graduação,Avançado,4399.36,M
463,PB,63,Médio,Avançado,3924.63,F
464,ES,22,Pós-graduação,Avançado,3059.63,F
465,MS,29,Pós-graduação,Intermediário,2353.06,M
466,RO,33,Superior,Intermediário,3698.22,M
467,MS,43,Médio,Básico,3393.49,F
468,PA,43,Fundamental,Básico,3895.19,F
469,PB,38,Superior,Básico,3635.17,M
470,PB,56,Superior,Básico,4049.55,F
471,GO,53,Fundamental,Avançado,2464.76,F
472,RJ,50,Superior,Intermediário,4317.39,M
473,SE,47,Pós-graduação,Intermediário,3197.6,M
474,RN,54,Pós-graduação,Básico,5075.26,M
475,RO,40,Médio,Básico,2310.81,M
476,ES,27,Médio,Avançado,4735.96,F
477,RS,22,Fundamental,Avançado,3197.91,F
478,RJ,53,Médio,Básico,2348.58,F
479,CE,51,Pós-graduação,Intermediário,2516.11,F
480,RN,48,Fundamental,Intermediário,2679.65,F
481,SP,27,Fundamental,Intermediário,3424.17,F
482,RJ,36,Médio,Básico,3522.84,M
483,AM,49,Pós-graduação,Intermediário,2426.3,F
484,RR,18,Fundamental,Avançado,2975.65,M
485,DF,22,Pós-graduação,Avançado,5142.27,M
486,AM,62,Pós-graduação,Básico,4727.54,F
487,RO,21,Pós-graduação,Avançado,3436.32,M
488,MS,33,Médio,Básico,3038.0,F
489,MG,41,Superior,Intermediário,3120.03,F
490,AP,33,Superior,Intermediário,3613.52,F
491,RO,19,Fundamental,Intermediário,1977.21,F
492,MS,45,Pós-graduação,Avançado,2742.62,M
493,AL,49,Médio,Básico,1331.42,F
494,SC,44,Pós-graduação,Intermediário,3399.22,M
495,AL,37,Pós-graduação,Básico,3647.2,F
496,TO,41,Médio,Intermediário,2516.81,F
497,RR,29,Superior,Avançado,4573.99,F
498,GO,52,Pós-graduação,Avançado,1774.23,M
499,AC,50,Pós-graduação,Básico,1535.63,F
500,ES,50,Superior,Avançado,3224.45,F
501,RR,60,Médio,Avançado,4047.1,M
502,CE,54,Fundamental,Básico,4683.93,M
503,CE,29,Superior,Intermediário,2541.12,M
504,RO,20,Fundamental,Avançado,4078.68,M
505,SP,18,Fundamental,Básico,2961.49,M
506,PI,50,Superior,Avançado,2827.37,M
507,PE,57,Pós-graduação,Avançado,3883.66,F
508,MS,27,Fundamental,Avançado,3652.32,F
509,CE,60,Fundamental,Avançado,1423.61,F
510,SE,61,Médio,Básico,4476.54,M
511,TO,46,Pós-graduação,Básico,4380.09,M
512,ES,30,Fundamental,Básico,2374.44,F
513,RJ,29,Médio,Avançado,3395.8,F
514,MA,48,Pós-graduação,Avançado,3494.03,F
515,AC,63,Superior,Avançado,3260.67,F
516,SP,19,Superior,Básico,2449.69,M
517,MG,52,Médio,Avançado,2328.38,M
518,PE,40,Superior,Intermediário,2974.45,M
519,AP,34,Fundamental,Avançado,4172.73,F
520,ES,43,Pós-graduação,Intermediário,3543.6,M
521,PA,25,Fundamental,Avançado,2629.39,F
522,AP,46,Fundamental,Básico,3771.7,F
523,PR,43,Superior,Avançado,151.46,M
524,MG,27,Fundamental,Intermediário,4148.77,M
525,RN,43,Superior,Intermediário,1260.29,F
526,SC,51,Pós-graduação,Avançado,2637.56,M
527,PE,58,Pós-graduação,Intermediário,1880.33,F
528,MG,24,Fundamental,Intermediário,1705.32,F
529,CE,21,Médio,Básico,4160.83,F
530,PE,62,Superior,Avançado,2532.3,M
531,PA,28,Superior,Avançado,3346.5,F
532,PE,46,Fundamental,Avançado,2953.08,F
533,ES,53,Superior,Intermediário,3477.04,M
534,MT,42,Superior,Avançado,3076.82,F
535,RN,38,Médio,Avançado,1717.01,M
536,AC,53,Médio,Básico,3996.27,F
537,SE,27,Fundamental,Básico,2506.24,F
538,DF,54,Médio,Básico,1443.42,M
539,RS,26,Fundamental,Intermediário,2571.88,M
540,RS,41,Pós-graduação,Avançado,4500.76,F
541,PE,52,Fundamental,Básico,3850.22,M
542,MA,52,Pós-graduação,Básico,2651.35,M
543,MT,53,Fundamental,Básico,2650.74,M
544,RO,35,Superior,Avançado,2678.36,M
545,GO,56,Médio,Avançado,5076.75,M
546,GO,49,Pós-graduação,Avançado,3381.94,M
547,SC,41,Fundamental,Intermediário,3430.04,M
548,BA,40,Médio,Intermediário,4030.28,M
549,PE,49,Fundamental,Básico,3238.79,M
550,GO,54,Médio,Avançado,2740.96,M
551,PE,29,Médio,Básico,2803.65,F
552,SC,30,Fundamental,Avançado,2928.4,M
553,RS,40,Pós-graduação,Avançado,2962.78,M
554,RJ,42,Pós-graduação,Avançado,3727.63,F
555,TO,52,Superior,Intermediário,3051.95,F
556,DF,58,Médio,Intermediário,3732.64,F
557,RR,47,Superior,Avançado,2919.28,F
558,GO,34,Superior,Básico,3078.64,M
559,DF,37,Fundamental,Avançado,1001.8,M
560,MG,42,Fundamental,Avançado,3916.33,F
561,MT,39,Fundamental,Básico,3346.49,F
562,PA,30,Médio,Avançado,3998.01,F
563,RJ,36,Fundamental,Básico,103.74,F
564,MT,53,Fundamental,Intermediário,5088.37,F
565,MG,29,Médio,Intermediário,2860.41,F
566,PA,58,Médio,Básico,4108.18,M
567,MG,36,Pós-graduação,Intermediário,1960.09,M
568,AC,29,Fundamental,Intermediário,3612.77,F
569,ES,26,Fundamental,Básico,1946.58,F
570,MS,24,Fundamental,Intermediário,2376.23,F
571,RJ,45,Pós-graduação,Avançado,4914.03,F
572,MS,31,Fundamental,Avançado,2809.32,M
573,ES,48,Pós-graduação,Básico,3217.43,M
574,ES,36,Superior,Intermediário,3870.07,M
575,RS,64,Pós-graduação,Avançado,3495.68,F
576,MG,33,Superior,Avançado,3150.42,F
577,MS,22,Fundamental,Intermediário,3364.96,M
578,PR,52,Superior,Intermediário,5403.42,F
579,AC,29,Pós-graduação,Avançado,2942.38,F
580,MG,42,Médio,Avançado,3201.1,M
581,SE,38,Superior,Básico,4050.65,M
582,DF,53,Superior,Básico,4105.53,F
583,SE,40,Fundamental,Avançado,4187.03,M
584,BA,33,Pós-graduação,Básico,3638.73,F
585,ES,56,Superior,Avançado,1857.0,F
586,SP,62,Superior,Avançado,4633.43,M
587,TO,59,Superior,Básico,1853.65,F
588,PA,56,Superior,Básico,3302.64,M
589,RR,31,Médio,Intermediário,2245.72,M
590,MG,48,Pós-graduação,Intermediário,2935.86,M
591,PB,22,Fundamental,Intermediário,3328.76,F
592,RR,52,Fundamental,Avançado,3321.36,M
593,PE,40,Médio,Básico,3421.92,F
594,PB,46,Pós-graduação,Avançado,4613.71,F
595,RN,60,Superior,Básico,3453.53,F
596,PI,28,Médio,Avançado,2755.84,F
597,PI,35,Pós-graduação,Intermediário,3964.09,M
598,AL,64,Superior,Intermediário,4189.47,F
599,AM,29,Médio,Intermediário,1772.39,F
600,AC,26,Pós-graduação,Avançado,3597.4,F
601,AM,27,Fundamental,Básico,3701.17,M
602,PI,61,Fundamental,Básico,2702.44,F
603,BA,34,Pós-graduação,Intermediário,4375.71,F
604,RJ,55,Fundamental,Intermediário,2849.94,F
605,PB,24,Pós-graduação,Intermediário,3125.58,F
606,ES,63,Superior,Intermediário,2826.93,M
607,RN,30,Pós-graduação,Básico,3015.58,F
608,PE,57,Superior,Avançado,1903.72,F
609,AC,59,Médio,Avançado,1559.95,F
610,MS,26,Pós-graduação,Avançado,4594.51,F
611,SE,44,Médio,Avançado,2153.04,M
612,RJ,19,Fundamental,Intermediário,2008.61,M
613,PB,22,Superior,Intermediário,846.61,F
614,GO,46,Pós-graduação,Intermediário,2361.04,F
615,DF,54,Médio,Avançado,1676.91,M
616,AL,55,Superior,Intermediário,4642.02,M
617,GO,36,Superior,Intermediário,4009.82,F
618,MA,25,Fundamental,Básico,2311.85,M
619,AL,62,Fundamental,Básico,5252.44,M
620,RJ,18,Superior,Intermediário,3981.77,M
621,MT,39,Superior,Básico,2675.17,F
622,MG,34,Pós-graduação,Básico,500.59,M
623,MA,24,Superior,Intermediário,5290.94,M
624,PA,42,Pós-graduação,Intermediário,1610.43,F
625,PI,62,Superior,Intermediário,1354.6,M
626,RJ,21,Fundamental,Intermediário,4022.57,M
627,RO,53,Pós-graduação,Avançado,5439.75,F
628,GO,23,Médio,Avançado,4384.27,F
629,SP,48,Fundamental,Intermediário,3563.91,F
630,DF,36,Pós-graduação,Básico,3594.75,M
631,AP,61,Pós-graduação,Intermediário,3853.42,M
632,RN,56,Médio,Intermediário,3758.93,F
633,CE,44,Pós-graduação,Básico,3281.19,F
634,TO,27,Superior,Avançado,3104.2,M
635,RS,43,Médio,Intermediário,2937.41,M
636,AL,36,Fundamental,Intermediário,2246.04,F
637,CE,56,Fundamental,Avançado,2719.32,M
638,AP,20,Superior,Avançado,1307.04,M
639,PR,62,Fundamental,Básico,2901.66,F
640,ES,30,Pós-graduação,Avançado,2011.41,M
641,AL,45,Pós-graduação,Avançado,1896.41,F
642,PE,37,Superior,Avançado,3179.89,M
643,GO,45,Fundamental,Básico,4392.0,F
644,MS,25,Fundamental,Avançado,3918.32,M
645,AP,58,Superior,Avançado,1429.5,M
646,MT,56,Médio,Básico,2010.37,M
647,AC,18,Fundamental,Avançado,3940.77,F
648,RR,20,Médio,Avançado,2017.51,F
649,MG,30,Fundamental,Básico,2775.37,F
650,PB,45,Fundamental,Intermediário,3550.05,F
651,SE,42,Fundamental,Básico,2031.66,M
652,BA,50,Fundamental,Avançado,3105.38,F
653,RS,55,Pós-graduação,Avançado,1665.97,M
654,PE,23,Médio,Avançado,2398.63,M
655,SP,61,Médio,Básico,3319.78,F
656,RR,62,Fundamental,Avançado,1407.01,F
657,SC,49,Fundamental,Avançado,3440.47,F
658,SP,62,Médio,Básico,2980.36,F
659,CE,64,Pós-graduação,Intermediário,3552.49,F
660,RS,38,Superior,Intermediário,3223.91,F
661,RO,33,Superior,Avançado,4364.14,F
662,MT,38,Médio,Básico,3125.22,M
663,PI,28,Fundamental,Avançado,2570.59,M
664,AM,54,Fundamental,Básico,3122.3,M
665,AP,53,Pós-graduação,Básico,3543.3,M
666,MG,52,Superior,Intermediário,3048.86,F
667,RR,36,Pós-graduação,Intermediário,3040.59,F
668,GO,37,Superior,Básico,2298.01,F
669,RS,35,Médio,Avançado,2337.1,M
670,CE,64,Superior,Intermediário,1597.39,M
671,SE,58,Pós-graduação,Avançado,4749.58,F
672,MS,31,Pós-graduação,Intermediário,1756.14,F
673,AL,32,Pós-graduação,Intermediário,2307.09,M
674,AP,48,Médio,Avançado,2281.59,F
675,AP,18,Superior,Intermediário,3894.92,M
676,MS,20,Superior,Intermediário,2705.05,F
677,PB,33,Pós-graduação,Avançado,4247.74,M
678,GO,40,Superior,Intermediário,2326.51,M
679,RR,28,Fundamental,Intermediário,3278.99,F
680,ES,29,Fundamental,Intermediário,2164.65,M
681,MT,27,Fundamental,Avançado,5145.15,F
682,PR,49,Superior,Básico,1812.4,M
683,SE,33,Médio,Avançado,3309.82,F
684,TO,25,Médio,Básico,3633.78,F
685,SP,55,Médio,Intermediário,3413.8,F
686,RO,29,Médio,Básico,2814.71,F
687,AM,41,Fundamental,Avançado,2870.18,F
688,AC,45,Fundamental,Avançado,3043.81,M
689,SC,25,Pós-graduação,Intermediário,2853.0,M
690,DF,45,Superior,Básico,3963.88,M
691,AL,53,Superior,Intermediário,5210.52,F
692,SC,43,Médio,Intermediário,2442.51,F
693,BA,25,Fundamental,Avançado,1630.2,F
694,DF,45,Médio,Básico,2911.72,M
695,AM,45,Pós-graduação,Básico,5579.71,M
696,BA,54,Superior,Básico,2196.33,M
697,SC,58,Superior,Básico,4639.12,M
698,AC,53,Médio,Intermediário,4677.7,M
699,AC,44,Pós-graduação,Intermediário,2446.41,M
700,PB,34,Superior,Avançado,3568.98,F
701,RN,26,Pós-graduação,Intermediário,4628.4,M
702,RJ,50,Pós-graduação,Intermediário,2620.87,F
703,MA,37,Médio,Avançado,2796.42,F
704,PI,30,Fundamental,Avançado,2418.32,F
705,AP,45,Médio,Avançado,1985.24,M
706,MT,46,Fundamental,Intermediário,2350.72,F
707,PB,30,Pós-graduação,Intermediário,1776.06,F
708,TO,63,Fundamental,Avançado,3034.08,F
709,MT,52,Pós-graduação,Avançado,2230.03,F
710,PE,23,Superior,Avançado,3233.79,F
711,PE,35,Superior,Intermediário,1444.1,M
712,CE,22,Superior,Intermediário,3330.88,M
713,BA,64,Médio,Básico,3833.53,M
714,ES,42,Médio,Intermediário,1006.26,F
715,AL,19,Pós-graduação,Intermediário,3374.06,F
716,PR,27,Superior,Intermediário,4227.67,M
717,RN,47,Médio,Avançado,1790.36,F
718,SC,62,Superior,Intermediário,4672.57,F
719,MS,22,Médio,Avançado,3419.02,F
720,CE,50,Fundamental,Básico,2294.99,M
721,AC,18,Fundamental,Básico,2944.23,M
722,AM,35,Superior,Avançado,3558.33,M
723,PE,49,Pós-graduação,Avançado,3076.01,M
724,MG,64,Médio,Avançado,3538.76,M
725,PI,28,Médio,Intermediário,2079.33,F
726,BA,38,Fundamental,Básico,3169.36,M
727,SC,43,Fundamental,Avançado,1586.29,F
728,SC,42,Pós-graduação,Intermediário,2888.77,F
729,TO,39,Pós-graduação,Básico,2096.09,M
730,AP,44,Pós-graduação,Intermediário,2264.47,F
731,MT,30,Superior,Básico,4236.09,M
732,MG,50,Fundamental,Intermediário,4091.31,M
733,AM,51,Superior,Básico,3609.14,F
734,SE,58,Fundamental,Básico,1907.69,M
735,TO,52,Fundamental,Intermediário,2683.59,F
736,PA,18,Médio,Avançado,4213.1,M
737,RO,38,Fundamental,Básico,3141.72,F
738,MT,23,Fundamental,Avançado,5319.33,M
739,TO,45,Superior,Intermediário,3393.32,M
740,MA,34,Fundamental,Avançado,3192.05,F
741,RJ,22,Superior,Avançado,2690.88,F
742,PI,48,Pós-graduação,Avançado,3133.54,M
743,CE,22,Fundamental,Avançado,2847.53,M
744,TO,55,Fundamental,Avançado,3708.11,F
745,PB,20,Superior,Básico,3956.7,M
746,RS,40,Pós-graduação,Básico,2214.01,M
747,MA,54,Médio,Básico,1668.77,F
748,BA,54,Pós-graduação,Intermediário,1163.79,F
749,SE,27,Superior,Avançado,3507.99,M
750,BA,27,Pós-graduação,Básico,1896.63,M
751,MA,36,Superior,Intermediário,847.11,F
752,BA,34,Superior,Básico,3388.58,F
753,AP,38,Médio,Básico,5493.0,M
754,RR,31,Fundamental,Avançado,2993.93,M
755,CE,26,Superior,Intermediário,3838.49,M
756,AM,63,Superior,Avançado,3081.83,M
757,PI,18,Médio,Avançado,2901.11,F
758,GO,62,Superior,Básico,3919.08,M
759,PE,30,Fundamental,Avançado,2709.73,F
760,MG,21,Médio,Intermediário,3267.39,M
761,TO,18,Fundamental,Avançado,3321.7,F
762,PB,57,Fundamental,Avançado,2331.91,F
763,RN,49,Médio,Avançado,3992.04,F
764,PE,51,Superior,Básico,2825.04,F
765,MG,45,Fundamental,Intermediário,2244.25,F
766,PR,48,Fundamental,Básico,3536.51,F
767,RO,25,Fundamental,Básico,2101.53,M
768,AM,56,Fundamental,Básico,3028.18,M
769,BA,43,Médio,Básico,2990.88,M
770,BA,51,Médio,Básico,4085.9,M
771,GO,20,Pós-graduação,Intermediário,3474.7,F
772,PE,29,Pós-graduação,Avançado,2974.97,M
773,MG,18,Fundamental,Básico,3817.77,M
774,AL,61,Superior,Básico,4390.21,M
775,MG,22,Fundamental,Intermediário,3557.81,M
776,RO,47,Superior,Intermediário,3010.35,M
777,RS,47,Fundamental,Avançado,1688.16,F
778,TO,34,Pós-graduação,Intermediário,1934.89,F
779,RR,64,Pós-graduação,Avançado,2694.78,M
780,RJ,40,Superior,Básico,2390.49,M
781,AP,32,Fundamental,Básico,2813.03,F
782,MA,54,Superior,Avançado,3056.65,M
783,AL,38,Pós-graduação,Intermediário,3529.69,F
784,MG,31,Fundamental,Avançado,2929.5,F
785,RJ,19,Fundamental,Intermediário,3486.5,M
786,SE,28,Superior,Básico,3064.47,F
787,PE,56,Médio,Intermediário,1024.53,F
788,RS,55,Superior,Avançado,2060.66,M
789,PA,51,Pós-graduação,Avançado,2855.91,F
790,MS,55,Pós-graduação,Básico,1790.31,M
791,RS,51,Pós-graduação,Intermediário,3599.93,M
792,MS,35,Pós-graduação,Intermediário,4530.75,F
793,MT,47,Pós-graduação,Intermediário,4218.76,M
794,DF,32,Médio,Básico,2786.56,M
795,AM,44,Fundamental,Intermediário,4490.73,F
796,RJ,51,Superior,Avançado,3148.67,F
797,AC,55,Superior,Intermediário,2662.91,F
798,SC,50,Pós-graduação,Básico,2386.6,F
799,AP,41,Superior,Intermediário,2697.53,M
800,MG,32,Pós-graduação,Intermediário,2611.82,F
801,PB,47,Médio,Avançado,3170.42,M
802,AL,59,Médio,Intermediário,3160.57,F
803,MT,34,Fundamental,Avançado,3003.05,F
804,AM,22,Médio,Avançado,3436.94,F
805,RJ,46,Médio,Básico,4190.65,F
806,PE,21,Fundamental,Avançado,3949.55,F
807,AP,27,Superior,Avançado,1515.1,M
808,PI,34,Pós-graduação,Básico,446.08,M
809,ES,27,Pós-graduação,Avançado,3934.32,M
810,RO,34,Superior,Básico,1633.12,M
811,SP,37,Fundamental,Intermediário,2775.23,F
812,SC,41,Superior,Básico,1829.89,M
813,SE,22,Médio,Avançado,1198.02,M
814,RJ,51,Fundamental,Básico,3541.46,M
815,BA,23,Fundamental,Avançado,3759.16,M
816,DF,19,Fundamental,Intermediário,2423.49,F
817,RS,30,Pós-graduação,Básico,408.96,F
818,ES,60,Superior,Intermediário,2453.76,M
819,BA,60,Fundamental,Avançado,3391.8,M
820,PE,28,Fundamental,Avançado,1521.09,F
821,BA,64,Fundamental,Intermediário,3183.36,M
822,AM,40,Superior,Básico,2984.69,F
823,RO,33,Pós-graduação,Básico,3579.29,F
824,RJ,48,Médio,Avançado,3119.58,M
825,TO,28,Pós-graduação,Intermediário,2026.93,M
826,RS,33,Fundamental,Intermediário,4196.57,M
827,AL,25,Pós-graduação,Básico,2841.47,M
828,MT,21,Pós-graduação,Básico,2972.7,F
829,RO,57,Médio,Básico,2066.73,F
830,MG,21,Superior,Intermediário,2556.72,F
831,PB,42,Superior,Básico,2115.2,F
832,MS,20,Pós-graduação,Básico,2827.05,M
833,RO,49,Pós-graduação,Avançado,4711.71,M
834,RS,20,Superior,Básico,1628.1,F
835,RO,44,Superior,Básico,1386.44,F
836,MT,46,Médio,Intermediário,4471.17,F
837,DF,49,Fundamental,Intermediário,2790.68,M
838,BA,36,Pós-graduação,Avançado,2330.93,F
839,PE,38,Superior,Básico,4039.9,M
840,SC,22,Pós-graduação,Avançado,2394.38,F
841,RN,35,Pós-graduação,Intermediário,4826.01,M
842,GO,45,Superior,Avançado,3677.93,M
843,PA,59,Médio,Intermediário,2512.09,F
844,SE,39,Pós-graduação,Avançado,5157.31,F
845,MS,38,Médio,Avançado,2394.29,M
846,CE,23,Superior,Básico,3742.1,M
847,PE,18,Fundamental,Avançado,3299.29,F
848,RJ,22,Fundamental,Básico,4301.74,F
849,RJ,58,Pós-graduação,Básico,4561.51,M
850,SE,29,Superior,Básico,3032.0,M
851,PR,43,Médio,Básico,2246.58,M
852,MS,63,Pós-graduação,Avançado,3459.97,F
853,MS,51,Superior,Intermediário,2322.28,M
854,RN,31,Superior,Intermediário,5013.39,F
855,CE,43,Médio,Intermediário,3136.54,F
856,RR,62,Pós-graduação,Avançado,2634.68,F
857,SE,44,Superior,Básico,3184.68,F
858,AM,26,Superior,Intermediário,1652.87,F
859,CE,43,Superior,Avançado,2028.39,F
860,MT,64,Médio,Básico,4200.41,F
861,AC,39,Pós-graduação,Intermediário,2343.11,F
862,SC,64,Pós-graduação,Básico,1953.09,M
863,RR,47,Pós-graduação,Intermediário,3536.65,M
864,PB,60,Pós-graduação,Intermediário,4185.7,F
865,TO,34,Fundamental,Intermediário,3718.95,F
866,MT,43,Fundamental,Básico,3996.05,F
867,SP,53,Pós-graduação,Avançado,2243.2,F
868,RJ,18,Médio,Básico,1578.19,F
869,PI,25,Fundamental,Intermediário,4501.33,F
870,PE,52,Superior,Básico,2677.32,M
871,RJ,32,Fundamental,Avançado,2749.17,M
872,RS,64,Superior,Básico,4328.19,F
873,PA,39,Pós-graduação,Avançado,3556.23,M
874,TO,31,Fundamental,Avançado,3455.89,F
875,PI,43,Médio,Básico,5165.0,M
876,RJ,45,Fundamental,Intermediário,2356.48,F
877,PB,40,Fundamental,Avançado,3927.84,F
878,PB,31,Fundamental,Básico,3057.01,M
879,AM,41,Pós-graduação,Avançado,3268.59,M
880,DF,19,Médio,Intermediário,4528.47,F
881,MG,62,Fundamental,Básico,3507.84,M
882,AP,43,Médio,Básico,3538.3,M
883,PR,31,Pós-graduação,Básico,4072.51,M
884,GO,24,Superior,Intermediário,2635.05,M
885,ES,20,Fundamental,Avançado,2160.79,M
886,RN,64,Médio,Básico,1955.19,M
887,MG,40,Médio,Avançado,1033.64,F
888,PE,63,Pós-graduação,Avançado,5056.21,F
889,PE,60,Fundamental,Intermediário,1896.79,F
890,PE,64,Superior,Básico,2778.75,F
891,AC,62,Médio,Avançado,2723.19,M
892,ES,35,Fundamental,Básico,3307.41,F
893,RJ,55,Superior,Básico,3815.74,M
894,CE,52,Médio,Intermediário,3860.47,M
895,AP,32,Médio,Básico,2416.92,M
896,TO,42,Superior,Básico,2832.88,F
897,BA,54,Superior,Avançado,3282.58,M
898,MG,45,Pós-graduação,Intermediário,2751.31,M
899,PB,27,Fundamental,Básico,4607.35,M
900,PA,56,Fundamental,Avançado,3490.97,F
901,RR,34,Pós-graduação,Intermediário,3734.88,M
902,PR,56,Médio,Intermediário,3662.88,M
903,PI,39,Superior,Avançado,4173.47,M
904,RO,43,Superior,Avançado,3181.02,M
905,RO,61,Superior,Avançado,1703.17,F
906,MT,42,Médio,Avançado,3399.69,F
907,AP,34,Superior,Avançado,2348.64,M
908,RO,30,Superior,Básico,2471.38,M
909,MA,37,Pós-graduação,Básico,3586.36,F
910,MA,42,Médio,Intermediário,4238.28,M
911,RS,21,Fundamental,Básico,3021.27,M
912,PR,27,Pós-graduação,Básico,3308.83,F
913,MS,20,Pós-graduação,Básico,4702.21,M
914,AL,58,Fundamental,Avançado,3240.75,F
915,GO,62,Pós-graduação,Intermediário,5601.68,M
916,SC,35,Médio,Intermediário,3565.51,M
917,AP,64,Superior,Intermediário,1239.24,M
918,SC,53,Médio,Intermediário,3753.34,M
919,SP,64,Fundamental,Básico,3381.16,F
920,PB,39,Fundamental,Básico,4289.75,F
921,AP,51,Pós-graduação,Avançado,3673.18,F
922,RJ,64,Médio,Intermediário,2861.54,F
923,PI,25,Médio,Básico,1775.7,F
924,ES,57,Fundamental,Básico,2790.98,F
925,SE,61,Médio,Avançado,2149.48,F
926,PE,36,Fundamental,Avançado,2419.48,M
927,ES,59,Médio,Avançado,3588.58,M
928,DF,58,Médio,Básico,4669.9,M
929,DF,54,Médio,Básico,3394.67,M
930,AP,23,Fundamental,Avançado,1804.12,M
931,AC,43,Pós-graduação,Intermediário,3444.6,M
932,AM,51,Médio,Avançado,4196.63,M
933,SP,62,Fundamental,Avançado,2390.22,F
934,BA,23,Fundamental,Avançado,2865.98,F
935,AC,54,Médio,Avançado,3014.69,M
936,PB,50,Médio,Básico,2215.1,F
937,BA,39,Pós-graduação,Intermediário,3648.28,F
938,MG,38,Fundamental,Avançado,2879.05,F
939,ES,23,Fundamental,Intermediário,3419.53,M
940,ES,23,Superior,Intermediário,2112.51,M
941,BA,21,Fundamental,Intermediário,2562.54,F
942,GO,47,Pós-graduação,Avançado,3722.38,M
943,AC,28,Superior,Básico,2627.17,F
944,AM,47,Superior,Avançado,4726.96,M
945,AP,48,Superior,Intermediário,2600.36,M
946,AL,41,Médio,Intermediário,3224.68,F
947,ES,26,Médio,Básico,3932.59,F
948,RR,20,Fundamental,Avançado,1581.63,F
949,GO,48,Superior,Intermediário,1239.19,F
950,AL,57,Pós-graduação,Básico,1474.34,M
951,PA,54,Médio,Intermediário,4262.58,F
952,PA,53,Pós-graduação,Básico,2448.14,F
953,AM,41,Pós-graduação,Básico,5558.2,F
954,CE,48,Médio,Avançado,2435.75,M
955,MT,23,Médio,Intermediário,3184.55,F
956,AP,19,Médio,Avançado,4542.11,F
957,ES,37,Médio,Intermediário,5006.09,F
958,AP,45,Superior,Avançado,5061.5,M
959,PA,28,Superior,Intermediário,4208.37,M
960,MG,21,Superior,Avançado,4024.06,F
961,MG,32,Superior,Básico,3592.53,M
962,AL,23,Fundamental,Intermediário,3778.36,F
963,MG,47,Superior,Intermediário,2448.81,M
964,RJ,55,Médio,Básico,2181.8,F
965,TO,19,Pós-graduação,Avançado,2996.63,M
966,CE,32,Superior,Intermediário,2829.82,M
967,PR,28,Fundamental,Intermediário,2546.77,F
968,AL,25,Médio,Avançado,3696.39,F
969,ES,43,Pós-graduação,Básico,3955.31,M
970,PE,62,Pós-graduação,Avançado,3088.41,M
971,RR,61,Superior,Avançado,4477.53,F
972,AL,22,Pós-graduação,Avançado,1858.31,M
973,MA,23,Superior,Intermediário,2806.34,M
974,PR,43,Superior,Básico,2283.18,F
975,CE,21,Médio,Básico,1133.46,F
976,AL,36,Médio,Avançado,2917.32,F
977,AL,37,Fundamental,Intermediário,2878.25,F
978,SE,50,Médio,Avançado,4513.45,F
979,MG,37,Médio,Intermediário,3630.81,M
980,SC,29,Superior,Intermediário,1975.81,F
981,PB,64,Médio,Intermediário,4854.09,F
982,AL,18,Superior,Intermediário,4221.03,F
983,DF,43,Superior,Básico,3582.1,M
984,AP,31,Médio,Intermediário,2773.52,F
985,ES,55,Fundamental,Intermediário,2040.56,M
986,RR,54,Fundamental,Avançado,2627.79,M
987,PA,28,Pós-graduação,Avançado,4088.75,M
988,SC,53,Pós-graduação,Básico,4884.59,F
989,RR,30,Médio,Avançado,4543.24,M
990,TO,60,Fundamental,Intermediário,2511.15,M
991,RO,20,Superior,Avançado,1880.38,F
992,DF,50,Pós-graduação,Básico,3140.89,F
993,RS,23,Superior,Avançado,1231.56,M
994,DF,27,Pós-graduação,Avançado,3323.17,F
995,AC,22,Médio,Básico,2852.4,F
996,PE,40,Fundamental,Básico,2533.96,M
997,GO,27,Pós-graduação,Intermediário,1405.3,F
998,RS,61,Fundamental,Avançado,3513.6,F
999,MG,19,Superior,Intermediário,2467.3,F
